3100000US10140,10140,"Aberdeen, WA Micro Area",71335,*****
3100000US10180,10180,"Abilene, TX Metro Area",159439,1017
3100000US10300,10300,"Adrian, MI Micro Area",101243,*****
3100000US10380,10380,"Aguadilla-Isabela-San Sebastián, PR Metro Area",335201,2925
3100000US10420,10420,"Akron, OH Metro Area",699356,*****
3100000US10500,10500,"Albany, GA Metro Area",162767,4547
3100000US10540,10540,"Albany-Lebanon, OR Micro Area",113264,*****
3100000US10580,10580,"Albany-Schenectady-Troy, NY Metro Area",853358,*****
3100000US10700,10700,"Albertville, AL Micro Area",87644,*****
3100000US10740,10740,"Albuquerque, NM Metro Area",832774,3336
3100000US10780,10780,"Alexandria, LA Metro Area",148925,1550
3100000US10880,10880,"Allegan, MI Micro Area",112761,*****
3100000US10900,10900,"Allentown-Bethlehem-Easton, PA-NJ Metro Area",803844,*****
3100000US11020,11020,"Altoona, PA Metro Area",125527,*****
3100000US11100,11100,"Amarillo, TX Metro Area",241459,1374
3100000US11180,11180,"Ames, IA Metro Area",84752,*****
3100000US11260,11260,"Anchorage, AK Metro Area",362340,*****
3100000US11300,11300,"Anderson, IN Metro Area",131312,*****
3100000US11340,11340,"Anderson, SC Metro Area",179981,*****
3100000US11460,11460,"Ann Arbor, MI Metro Area",350003,*****
3100000US11500,11500,"Anniston-Oxford, AL Metro Area",113103,*****
3100000US11540,11540,"Appleton, WI Metro Area",218026,*****
3100000US11700,11700,"Asheville, NC Metro Area",402801,2839
3100000US11780,11780,"Ashtabula, OH Micro Area",101141,*****
3100000US11980,11980,"Athens, TX Micro Area",78897,*****
3100000US12020,12020,"Athens-Clarke County, GA Metro Area",188589,4941
3100000US12060,12060,"Atlanta-Sandy Springs-Marietta, GA Metro Area",5271550,8782
3100000US12100,12100,"Atlantic City, NJ Metro Area",270644,*****
3100000US12180,12180,"Auburn, NY Micro Area",80066,*****
3100000US12220,12220,"Auburn-Opelika, AL Metro Area",130516,*****
3100000US12260,12260,"Augusta-Richmond County, GA-SC Metro Area",534641,4416
3100000US12300,12300,"Augusta-Waterville, ME Micro Area",120839,*****
3100000US12420,12420,"Austin-Round Rock, TX Metro Area",1593400,4394
3100000US12540,12540,"Bakersfield, CA Metro Area",790710,*****
3100000US12580,12580,"Baltimore-Towson, MD Metro Area",2668056,*****
3100000US12620,12620,"Bangor, ME Metro Area",148784,*****
3100000US12700,12700,"Barnstable Town, MA Metro Area",222175,*****
3100000US12940,12940,"Baton Rouge, LA Metro Area",770471,3308
3100000US12980,12980,"Battle Creek, MI Metro Area",136615,*****
3100000US13020,13020,"Bay City, MI Metro Area",107517,*****
3100000US13140,13140,"Beaumont-Port Arthur, TX Metro Area",375644,3252
3100000US13180,13180,"Beaver Dam, WI Micro Area",87786,*****
3100000US13220,13220,"Beckley, WV Micro Area",79170,*****
3100000US13380,13380,"Bellingham, WA Metro Area",192999,*****
3100000US13460,13460,"Bend, OR Metro Area",154028,*****
3100000US13740,13740,"Billings, MT Metro Area",150205,1159
3100000US13780,13780,"Binghamton, NY Metro Area",246426,*****
3100000US13820,13820,"Birmingham-Hoover, AL Metro Area",1106765,3915
3100000US13900,13900,"Bismarck, ND Metro Area",103242,*****
3100000US13980,13980,"Blacksburg-Christiansburg-Radford, VA Metro Area",159022,3437
3100000US14020,14020,"Bloomington, IN Metro Area",180766,2237
3100000US14060,14060,"Bloomington-Normal, IL Metro Area",164209,*****
3100000US14100,14100,"Bloomsburg-Berwick, PA Micro Area",81683,1884
3100000US14140,14140,"Bluefield, WV-VA Micro Area",105205,*****
3100000US14260,14260,"Boise City-Nampa, ID Metro Area",587025,3016
3100000US14460,14460,"Boston-Cambridge-Quincy, MA-NH Metro Area",4482857,*****
3100000US14500,14500,"Boulder, CO Metro Area",290262,*****
3100000US14540,14540,"Bowling Green, KY Metro Area",116061,1861
3100000US14580,14580,"Bozeman, MT Micro Area",89204,2114
3100000US14660,14660,"Brainerd, MN Micro Area",90371,*****
3100000US14700,14700,"Branson, MO Micro Area",77635,3777
3100000US14740,14740,"Bremerton-Silverdale, WA Metro Area",236732,*****
3100000US14860,14860,"Bridgeport-Stamford-Norwalk, CT Metro Area",895015,*****
3100000US15180,15180,"Brownsville-Harlingen, TX Metro Area",387210,*****
3100000US15260,15260,"Brunswick, GA Metro Area",100831,3527
3100000US15380,15380,"Buffalo-Niagara Falls, NY Metro Area",1128183,*****
3100000US15500,15500,"Burlington, NC Metro Area",145360,*****
3100000US15540,15540,"Burlington-South Burlington, VT Metro Area",207288,1276
3100000US15940,15940,"Canton-Massillon, OH Metro Area",407631,2006
3100000US15980,15980,"Cape Coral-Fort Myers, FL Metro Area",590564,*****
3100000US16020,16020,"Cape Girardeau-Jackson, MO-IL Micro Area",91067,2108
3100000US16220,16220,"Casper, WY Metro Area",71750,*****
3100000US16300,16300,"Cedar Rapids, IA Metro Area",252784,*****
3100000US16500,16500,"Centralia, WA Micro Area",73645,*****
3100000US16540,16540,"Chambersburg, PA Micro Area",141665,*****
3100000US16580,16580,"Champaign-Urbana, IL Metro Area",221079,1970
3100000US16620,16620,"Charleston, WV Metro Area",302949,1742
3100000US16700,16700,"Charleston-North Charleston, SC Metro Area",630100,*****
3100000US16740,16740,"Charlotte-Gastonia-Concord, NC-SC Metro Area",1650667,3469
3100000US16820,16820,"Charlottesville, VA Metro Area",193336,5285
3100000US16860,16860,"Chattanooga, TN-GA Metro Area",517253,4812
3100000US16940,16940,"Cheyenne, WY Metro Area",86353,*****
3100000US16980,16980,"Chicago-Naperville-Joliet, IL-IN-WI Metro Area",9522879,1299
3100000US17020,17020,"Chico, CA Metro Area",218779,*****
3100000US17060,17060,"Chillicothe, OH Micro Area",75398,*****
3100000US17140,17140,"Cincinnati-Middletown, OH-KY-IN Metro Area",2134864,2747
3100000US17220,17220,"Clarksburg, WV Micro Area",92358,2722
3100000US17300,17300,"Clarksville, TN-KY Metro Area",265062,2529
3100000US17340,17340,"Clearlake, CA Micro Area",64664,*****
3100000US17420,17420,"Cleveland, TN Metro Area",108201,2361
3100000US17460,17460,"Cleveland-Elyria-Mentor, OH Metro Area",2096471,*****
3100000US17660,17660,"Coeur d'Alene, ID Metro Area",134442,*****
3100000US17780,17780,"College Station-Bryan, TX Metro Area",207734,3820
3100000US17820,17820,"Colorado Springs, CO Metro Area",608296,2150
3100000US17860,17860,"Columbia, MO Metro Area",163192,1446
3100000US17900,17900,"Columbia, SC Metro Area",712760,4492
3100000US17940,17940,"Columbia, TN Micro Area",79966,*****
3100000US17980,17980,"Columbus, GA-AL Metro Area",285518,4146
3100000US18020,18020,"Columbus, IN Metro Area",74750,*****
3100000US18140,18140,"Columbus, OH Metro Area",1754337,*****
3100000US18180,18180,"Concord, NH Micro Area",148274,*****
3100000US18260,18260,"Cookeville, TN Micro Area",105751,2848
3100000US18300,18300,"Coos Bay, OR Micro Area",66453,2225
3100000US18500,18500,"Corning, NY Micro Area",96874,*****
3100000US18580,18580,"Corpus Christi, TX Metro Area",410568,3372
3100000US18700,18700,"Corvallis, OR Metro Area",81428,*****
3100000US18980,18980,"Cullman, AL Micro Area",80554,*****
3100000US19060,19060,"Cumberland, MD-WV Metro Area",99316,*****
3100000US19100,19100,"Dallas-Fort Worth-Arlington, TX Metro Area",6144489,3661
3100000US19140,19140,"Dalton, GA Metro Area",134043,*****
3100000US19180,19180,"Danville, IL Metro Area",81191,*****
3100000US19260,19260,"Danville, VA Metro Area",106139,2839
3100000US19300,19300,"Daphne-Fairhope-Foley, AL Micro Area",171769,*****
3100000US19340,19340,"Davenport-Moline-Rock Island, IA-IL Metro Area",378163,2457
3100000US19380,19380,"Dayton, OH Metro Area",835537,*****
3100000US19460,19460,"Decatur, AL Metro Area",149279,*****
3100000US19500,19500,"Decatur, IL Metro Area",108732,*****
3100000US19660,19660,"Deltona-Daytona Beach-Ormond Beach, FL Metro Area",500413,*****
3100000US19740,19740,"Denver-Aurora, CO Metro Area",2466591,2362
3100000US19780,19780,"Des Moines-West Des Moines, IA Metro Area",546656,2156
3100000US19820,19820,"Detroit-Warren-Livonia, MI Metro Area",4467592,*****
3100000US20020,20020,"Dothan, AL Metro Area",139499,*****
3100000US20100,20100,"Dover, DE Metro Area",152255,*****
3100000US20180,20180,"DuBois, PA Micro Area",81452,*****
3100000US20220,20220,"Dubuque, IA Metro Area",92359,*****
3100000US20260,20260,"Duluth, MN-WI Metro Area",276222,1573
3100000US20380,20380,"Dunn, NC Micro Area",108721,*****
3100000US20500,20500,"Durham, NC Metro Area",479624,*****
3100000US20620,20620,"East Liverpool-Salem, OH Micro Area",108698,*****
3100000US20700,20700,"East Stroudsburg, PA Micro Area",164722,*****
3100000US20740,20740,"Eau Claire, WI Metro Area",157808,*****
3100000US20940,20940,"El Centro, CA Metro Area",161867,*****
3100000US21060,21060,"Elizabethtown, KY Metro Area",110221,2295
3100000US21140,21140,"Elkhart-Goshen, IN Metro Area",197942,*****
3100000US21300,21300,"Elmira, NY Metro Area",88015,*****
3100000US21340,21340,"El Paso, TX Metro Area",734669,*****
3100000US21460,21460,"Enterprise-Ozark, AL Micro Area",94943,*****
3100000US21500,21500,"Erie, PA Metro Area",279092,*****
3100000US21660,21660,"Eugene-Springfield, OR Metro Area",343591,*****
3100000US21700,21700,"Eureka-Arcata-Fortuna, CA Micro Area",128864,*****
3100000US21780,21780,"Evansville, IN-KY Metro Area",347781,1684
3100000US21820,21820,"Fairbanks, AK Metro Area",97484,*****
3100000US21940,21940,"Fajardo, PR Metro Area",81256,2841
3100000US22020,22020,"Fargo, ND-MN Metro Area",192391,1518
3100000US22140,22140,"Farmington, NM Metro Area",122427,*****
3100000US22180,22180,"Fayetteville, NC Metro Area",348940,*****
3100000US22220,22220,"Fayetteville-Springdale-Rogers, AR-MO Metro Area",433484,4293
3100000US22300,22300,"Findlay, OH Micro Area",74204,*****
3100000US22380,22380,"Flagstaff, AZ Metro Area",127450,*****
3100000US22420,22420,"Flint, MI Metro Area",434715,*****
3100000US22500,22500,"Florence, SC Metro Area",198719,*****
3100000US22520,22520,"Florence-Muscle Shoals, AL Metro Area",143149,*****
3100000US22540,22540,"Fond du Lac, WI Metro Area",99124,*****
3100000US22660,22660,"Fort Collins-Loveland, CO Metro Area",287574,*****
3100000US22840,22840,"Fort Payne, AL Micro Area",68016,*****
3100000US22900,22900,"Fort Smith, AR-OK Metro Area",293362,3301
3100000US23020,23020,"Fort Walton Beach-Crestview-Destin, FL Metro Area",181499,*****
3100000US23060,23060,"Fort Wayne, IN Metro Area",410149,1967
3100000US23180,23180,"Frankfort, KY Micro Area",69333,2215
3100000US23420,23420,"Fresno, CA Metro Area",899348,*****
3100000US23460,23460,"Gadsden, AL Metro Area",103217,*****
3100000US23540,23540,"Gainesville, FL Metro Area",257226,3203
3100000US23580,23580,"Gainesville, GA Metro Area",180175,*****
3100000US23660,23660,"Galesburg, IL Micro Area",68228,1798
3100000US23700,23700,"Gallup, NM Micro Area",70059,*****
3100000US23900,23900,"Gettysburg, PA Micro Area",100779,*****
3100000US24020,24020,"Glens Falls, NY Metro Area",128886,*****
3100000US24140,24140,"Goldsboro, NC Metro Area",113590,*****
3100000US24220,24220,"Grand Forks, ND-MN Metro Area",97909,898
3100000US24260,24260,"Grand Island, NE Micro Area",69096,1670
3100000US24300,24300,"Grand Junction, CO Metro Area",139082,*****
3100000US24340,24340,"Grand Rapids-Wyoming, MI Metro Area",776742,*****
3100000US24420,24420,"Grants Pass, OR Micro Area",81056,*****
3100000US24500,24500,"Great Falls, MT Metro Area",81775,*****
3100000US24540,24540,"Greeley, CO Metro Area",243750,*****
3100000US24580,24580,"Green Bay, WI Metro Area",301131,*****
3100000US24620,24620,"Greeneville, TN Micro Area",69943,2002
3100000US24660,24660,"Greensboro-High Point, NC Metro Area",698497,*****
3100000US24780,24780,"Greenville, NC Metro Area",170143,2549
3100000US24860,24860,"Greenville-Mauldin-Easley, SC Metro Area",613828,*****
3100000US24940,24940,"Greenwood, SC Micro Area",68259,*****
3100000US25020,25020,"Guayama, PR Metro Area",83603,3230
3100000US25060,25060,"Gulfport-Biloxi, MS Metro Area",235125,3761
3100000US25180,25180,"Hagerstown-Martinsburg, MD-WV Metro Area",261953,1740
3100000US25220,25220,"Hammond, LA Micro Area",115398,*****
3100000US25260,25260,"Hanford-Corcoran, CA Metro Area",148875,*****
3100000US25420,25420,"Harrisburg-Carlisle, PA Metro Area",528892,*****
3100000US25500,25500,"Harrisonburg, VA Metro Area",117563,*****
3100000US25540,25540,"Hartford-West Hartford-East Hartford, CT Metro Area",1189113,*****
3100000US25620,25620,"Hattiesburg, MS Metro Area",136356,2281
3100000US25740,25740,"Helena, MT Micro Area",68401,2891
3100000US25860,25860,"Hickory-Lenoir-Morganton, NC Metro Area",360471,*****
3100000US25900,25900,"Hilo, HI Micro Area",173057,*****
3100000US25940,25940,"Hilton Head Island-Beaufort, SC Micro Area",167220,2941
3100000US25980,25980,"Hinesville-Fort Stewart, GA Metro Area",74160,3040
3100000US26100,26100,"Holland-Grand Haven, MI Metro Area",259206,*****
3100000US26140,26140,"Homosassa Springs, FL Micro Area",140169,*****
3100000US26180,26180,"Honolulu, HI Metro Area",905601,*****
3100000US26300,26300,"Hot Springs, AR Metro Area",96371,*****
3100000US26380,26380,"Houma-Bayou Cane-Thibodaux, LA Metro Area",201137,*****
3100000US26420,26420,"Houston-Sugar Land-Baytown, TX Metro Area",5629127,5859
3100000US26580,26580,"Huntington-Ashland, WV-KY-OH Metro Area",284026,*****
3100000US26620,26620,"Huntsville, AL Metro Area",386632,*****
3100000US26820,26820,"Idaho Falls, ID Metro Area",121134,1938
3100000US26860,26860,"Indiana, PA Micro Area",87690,*****
3100000US26900,26900,"Indianapolis-Carmel, IN Metro Area",1697964,2738
3100000US26980,26980,"Iowa City, IA Metro Area",147038,*****
3100000US27060,27060,"Ithaca, NY Metro Area",101055,*****
3100000US27100,27100,"Jackson, MI Metro Area",163006,*****
3100000US27140,27140,"Jackson, MS Metro Area",531869,3689
3100000US27180,27180,"Jackson, TN Metro Area",111439,2290
3100000US27260,27260,"Jacksonville, FL Metro Area",1296676,3934
3100000US27340,27340,"Jacksonville, NC Metro Area",162745,*****
3100000US27460,27460,"Jamestown-Dunkirk-Fredonia, NY Micro Area",133945,*****
3100000US27500,27500,"Janesville, WI Metro Area",159623,*****
3100000US27620,27620,"Jefferson City, MO Metro Area",143823,1905
3100000US27740,27740,"Johnson City, TN Metro Area",193554,*****
3100000US27780,27780,"Johnstown, PA Metro Area",144995,*****
3100000US27860,27860,"Jonesboro, AR Metro Area",117568,2167
3100000US27900,27900,"Joplin, MO Metro Area",171278,*****
3100000US27980,27980,"Kahului-Wailuku, HI Micro Area",141843,53
3100000US28020,28020,"Kalamazoo-Portage, MI Metro Area",323264,*****
3100000US28060,28060,"Kalispell, MT Micro Area",86844,*****
3100000US28100,28100,"Kankakee-Bradley, IL Metro Area",110705,*****
3100000US28140,28140,"Kansas City, MO-KS Metro Area",1980977,3468
3100000US28300,28300,"Keene, NH Micro Area",77725,*****
3100000US28420,28420,"Kennewick-Richland-Pasco, WA Metro Area",228992,*****
3100000US28580,28580,"Key West, FL Micro Area",73223,*****
3100000US28660,28660,"Killeen-Temple-Fort Hood, TX Metro Area",372251,3260
3100000US28700,28700,"Kingsport-Bristol-Bristol, TN-VA Metro Area",302096,2881
3100000US28740,28740,"Kingston, NY Metro Area",181860,*****
3100000US28900,28900,"Klamath Falls, OR Micro Area",66031,1380
3100000US28940,28940,"Knoxville, TN Metro Area",682527,2539
3100000US29020,29020,"Kokomo, IN Metro Area",99766,1967
3100000US29100,29100,"La Crosse, WI-MN Metro Area",130926,*****
3100000US29140,29140,"Lafayette, IN Metro Area",192430,2673
3100000US29180,29180,"Lafayette, LA Metro Area",256494,*****
3100000US29340,29340,"Lake Charles, LA Metro Area",190521,1730
3100000US29380,29380,"Lake City, FL Micro Area",76552,6116
3100000US29420,29420,"Lake Havasu City-Kingman, AZ Metro Area",194944,*****
3100000US29460,29460,"Lakeland, FL Metro Area",574746,*****
3100000US29540,29540,"Lancaster, PA Metro Area",498465,*****
3100000US29580,29580,"Lancaster, SC Micro Area",73393,*****
3100000US29620,29620,"Lansing-East Lansing, MI Metro Area",456440,*****
3100000US29700,29700,"Laredo, TX Metro Area",233152,*****
3100000US29740,29740,"Las Cruces, NM Metro Area",198791,*****
3100000US29820,29820,"Las Vegas-Paradise, NV Metro Area",1836333,*****
3100000US29860,29860,"Laurel, MS Micro Area",82904,4497
3100000US29940,29940,"Lawrence, KS Metro Area",113488,*****
3100000US30020,30020,"Lawton, OK Metro Area",113811,*****
3100000US30100,30100,"Lebanon, NH-VT Micro Area",171391,*****
3100000US30140,30140,"Lebanon, PA Metro Area",127889,*****
3100000US30340,30340,"Lewiston-Auburn, ME Metro Area",106815,*****
3100000US30460,30460,"Lexington-Fayette, KY Metro Area",447589,3372
3100000US30500,30500,"Lexington Park, MD Micro Area",100378,*****
3100000US30620,30620,"Lima, OH Metro Area",105233,*****
3100000US30700,30700,"Lincoln, NE Metro Area",290404,1330
3100000US30740,30740,"Lincolnton, NC Micro Area",73106,*****
3100000US30780,30780,"Little Rock-North Little Rock-Conway, AR Metro Area",672623,2427
3100000US30860,30860,"Logan, UT-ID Metro Area",119527,1506
3100000US30980,30980,"Longview, TX Metro Area",210683,3636
3100000US31020,31020,"Longview, WA Metro Area",100467,*****
3100000US31100,31100,"Los Angeles-Long Beach-Santa Ana, CA Metro Area",12875587,*****
3100000US31140,31140,"Louisville-Jefferson County, KY-IN Metro Area",1228764,3864
3100000US31180,31180,"Lubbock, TX Metro Area",268438,1240
3100000US31260,31260,"Lufkin, TX Micro Area",82812,*****
3100000US31300,31300,"Lumberton, NC Micro Area",128149,*****
3100000US31340,31340,"Lynchburg, VA Metro Area",238526,3996
3100000US31420,31420,"Macon, GA Metro Area",231169,4841
3100000US31460,31460,"Madera, CA Metro Area",146513,*****
3100000US31540,31540,"Madison, WI Metro Area",555626,*****
3100000US31700,31700,"Manchester-Nashua, NH Metro Area",402302,*****
3100000US31740,31740,"Manhattan, KS Micro Area",112498,1824
3100000US31820,31820,"Manitowoc, WI Micro Area",80928,*****
3100000US31860,31860,"Mankato-North Mankato, MN Micro Area",91482,*****
3100000US31900,31900,"Mansfield, OH Metro Area",125679,*****
3100000US31940,31940,"Marinette, WI-MI Micro Area",66868,1034
3100000US31980,31980,"Marion, IN Micro Area",68847,*****
3100000US32020,32020,"Marion, OH Micro Area",65248,*****
3100000US32100,32100,"Marquette, MI Micro Area",65216,*****
3100000US32270,32270,"Marshfield-Wisconsin Rapids, WI Micro Area",73944,*****
3100000US32300,32300,"Martinsville, VA Micro Area",71028,2508
3100000US32420,32420,"Mayagüez, PR Metro Area",109749,2336
3100000US32580,32580,"McAllen-Edinburg-Mission, TX Metro Area",710514,*****
3100000US32740,32740,"Meadville, PA Micro Area",88663,*****
3100000US32780,32780,"Medford, OR Metro Area",199295,*****
3100000US32820,32820,"Memphis, TN-MS-AR Metro Area",1283579,5751
3100000US32900,32900,"Merced, CA Metro Area",245514,*****
3100000US32940,32940,"Meridian, MS Micro Area",107898,3146
3100000US33100,33100,"Miami-Fort Lauderdale-Pompano Beach, FL Metro Area",5413212,*****
3100000US33140,33140,"Michigan City-La Porte, IN Metro Area",109787,*****
3100000US33220,33220,"Midland, MI Micro Area",82818,*****
3100000US33260,33260,"Midland, TX Metro Area",126408,*****
3100000US33340,33340,"Milwaukee-Waukesha-West Allis, WI Metro Area",1544398,*****
3100000US33460,33460,"Minneapolis-St. Paul-Bloomington, MN-WI Metro Area",3208212,*****
3100000US33540,33540,"Missoula, MT Metro Area",105650,*****
3100000US33660,33660,"Mobile, AL Metro Area",404406,*****
3100000US33700,33700,"Modesto, CA Metro Area",511263,*****
3100000US33740,33740,"Monroe, LA Metro Area",169586,2382
3100000US33780,33780,"Monroe, MI Metro Area",153608,*****
3100000US33860,33860,"Montgomery, AL Metro Area",366267,1746
3100000US34060,34060,"Morgantown, WV Metro Area",116566,2238
3100000US34100,34100,"Morristown, TN Metro Area",133594,2539
3100000US34180,34180,"Moses Lake, WA Micro Area",83047,*****
3100000US34340,34340,"Mount Airy, NC Micro Area",72380,*****
3100000US34380,34380,"Mount Pleasant, MI Micro Area",66693,*****
3100000US34580,34580,"Mount Vernon-Anacortes, WA Metro Area",116397,*****
3100000US34620,34620,"Muncie, IN Metro Area",115419,*****
3100000US34740,34740,"Muskegon-Norton Shores, MI Metro Area",174386,*****
3100000US34780,34780,"Muskogee, OK Micro Area",71116,*****
3100000US34820,34820,"Myrtle Beach-Conway-North Myrtle Beach, SC Metro Area",249925,*****
3100000US34900,34900,"Napa, CA Metro Area",132565,*****
3100000US34940,34940,"Naples-Marco Island, FL Metro Area",315839,*****
3100000US34980,34980,"Nashville-Davidson--Murfreesboro--Franklin, TN Metro Area",1521751,4943
3100000US35100,35100,"New Bern, NC Micro Area",121428,2347
3100000US35260,35260,"New Castle, PA Micro Area",90991,*****
3100000US35300,35300,"New Haven-Milford, CT Metro Area",845494,*****
3100000US35340,35340,"New Iberia, LA Micro Area",74965,*****
3100000US35380,35380,"New Orleans-Metairie-Kenner, LA Metro Area",1030363,*****
3100000US35420,35420,"New Philadelphia-Dover, OH Micro Area",91398,*****
3100000US35620,35620,"New York-Northern New Jersey-Long Island, NY-NJ-PA Metro Area",18815988,*****
3100000US35660,35660,"Niles-Benton Harbor, MI Metro Area",159589,*****
3100000US35900,35900,"North Wilkesboro, NC Micro Area",66844,*****
3100000US35980,35980,"Norwich-New London, CT Metro Area",267376,*****
3100000US36020,36020,"Oak Harbor, WA Micro Area",81326,*****
3100000US36100,36100,"Ocala, FL Metro Area",324857,*****
3100000US36140,36140,"Ocean City, NJ Metro Area",96422,*****
3100000US36220,36220,"Odessa, TX Metro Area",129570,*****
3100000US36260,36260,"Ogden-Clearfield, UT Metro Area",518405,1458
3100000US36300,36300,"Ogdensburg-Massena, NY Micro Area",109809,*****
3100000US36420,36420,"Oklahoma City, OK Metro Area",1193698,2471
3100000US36460,36460,"Olean, NY Micro Area",80087,*****
3100000US36500,36500,"Olympia, WA Metro Area",238555,*****
3100000US36540,36540,"Omaha-Council Bluffs, NE-IA Metro Area",831712,2027
3100000US36660,36660,"Opelousas-Eunice, LA Micro Area",91362,*****
3100000US36700,36700,"Orangeburg, SC Micro Area",89952,*****
3100000US36740,36740,"Orlando-Kissimmee, FL Metro Area",2032496,*****
3100000US36780,36780,"Oshkosh-Neenah, WI Metro Area",162154,*****
3100000US36860,36860,"Ottawa-Streator, IL Micro Area",153326,1186
3100000US36980,36980,"Owensboro, KY Metro Area",111844,2375
3100000US37020,37020,"Owosso, MI Micro Area",71753,*****
3100000US37100,37100,"Oxnard-Thousand Oaks-Ventura, CA Metro Area",798364,*****
3100000US37140,37140,"Paducah, KY-IL Micro Area",94679,2768
3100000US37260,37260,"Palatka, FL Micro Area",73821,*****
3100000US37340,37340,"Palm Bay-Melbourne-Titusville, FL Metro Area",536161,*****
3100000US37380,37380,"Palm Coast, FL Metro Area",88397,*****
3100000US37460,37460,"Panama City-Lynn Haven, FL Metro Area",163984,*****
3100000US37620,37620,"Parkersburg-Marietta-Vienna, WV-OH Metro Area",159232,2085
3100000US37700,37700,"Pascagoula, MS Metro Area",154931,2470
3100000US37820,37820,"Pendleton-Hermiston, OR Micro Area",84191,2221
3100000US37860,37860,"Pensacola-Ferry Pass-Brent, FL Metro Area",453451,*****
3100000US37900,37900,"Peoria, IL Metro Area",369721,1650
3100000US37980,37980,"Philadelphia-Camden-Wilmington, PA-NJ-DE-MD Metro Area",5827962,*****
3100000US38060,38060,"Phoenix-Mesa-Scottsdale, AZ Metro Area",4179427,*****
3100000US38220,38220,"Pine Bluff, AR Metro Area",101067,1730
3100000US38300,38300,"Pittsburgh, PA Metro Area",2355712,*****
3100000US38340,38340,"Pittsfield, MA Metro Area",129798,*****
3100000US38460,38460,"Plattsburgh, NY Micro Area",82215,*****
3100000US38540,38540,"Pocatello, ID Metro Area",89447,2053
3100000US38660,38660,"Ponce, PR Metro Area",262026,2768
3100000US38820,38820,"Port Angeles, WA Micro Area",70474,*****
3100000US38860,38860,"Portland-South Portland-Biddeford, ME Metro Area",513102,*****
3100000US38900,38900,"Portland-Vancouver-Beaverton, OR-WA Metro Area",2174631,1478
3100000US38940,38940,"Port St. Lucie, FL Metro Area",400121,*****
3100000US39020,39020,"Portsmouth, OH Micro Area",75958,*****
3100000US39060,39060,"Pottsville, PA Micro Area",147269,*****
3100000US39100,39100,"Poughkeepsie-Newburgh-Middletown, NY Metro Area",669915,*****
3100000US39140,39140,"Prescott, AZ Metro Area",212635,*****
3100000US39300,39300,"Providence-New Bedford-Fall River, RI-MA Metro Area",1600856,*****
3100000US39340,39340,"Provo-Orem, UT Metro Area",493647,1734
3100000US39380,39380,"Pueblo, CO Metro Area",154538,*****
3100000US39460,39460,"Punta Gorda, FL Metro Area",152814,*****
3100000US39500,39500,"Quincy, IL-MO Micro Area",77768,1624
3100000US39540,39540,"Racine, WI Metro Area",195099,*****
3100000US39580,39580,"Raleigh-Cary, NC Metro Area",1049674,2786
3100000US39660,39660,"Rapid City, SD Metro Area",120279,*****
3100000US39740,39740,"Reading, PA Metro Area",401955,*****
3100000US39820,39820,"Redding, CA Metro Area",179427,*****
3100000US39900,39900,"Reno-Sparks, NV Metro Area",408931,1014
3100000US39980,39980,"Richmond, IN Micro Area",68260,*****
3100000US40060,40060,"Richmond, VA Metro Area",1211608,7819
3100000US40080,40080,"Richmond-Berea, KY Micro Area",96671,3120
3100000US40140,40140,"Riverside-San Bernardino-Ontario, CA Metro Area",4081371,*****
3100000US40220,40220,"Roanoke, VA Metro Area",300345,3348
3100000US40260,40260,"Roanoke Rapids, NC Micro Area",75549,2603
3100000US40340,40340,"Rochester, MN Metro Area",181082,*****
3100000US40380,40380,"Rochester, NY Metro Area",1030495,*****
3100000US40420,40420,"Rockford, IL Metro Area",352290,*****
3100000US40580,40580,"Rocky Mount, NC Metro Area",145596,*****
3100000US40660,40660,"Rome, GA Metro Area",95618,*****
3100000US40700,40700,"Roseburg, OR Micro Area",104119,*****
3100000US40780,40780,"Russellville, AR Micro Area",82421,2556
3100000US40900,40900,"Sacramento--Arden-Arcade--Roseville, CA Metro Area",2091120,*****
3100000US40980,40980,"Saginaw-Saginaw Township North, MI Metro Area",202268,*****
3100000US41060,41060,"St. Cloud, MN Metro Area",185555,*****
3100000US41100,41100,"St. George, UT Metro Area",133791,*****
3100000US41140,41140,"St. Joseph, MO-KS Metro Area",123252,2096
3100000US41180,41180,"St. Louis, MO-IL Metro Area",2802282,4468
3100000US41420,41420,"Salem, OR Metro Area",386714,*****
3100000US41500,41500,"Salinas, CA Metro Area",407637,*****
3100000US41540,41540,"Salisbury, MD Metro Area",118730,2423
3100000US41580,41580,"Salisbury, NC Micro Area",137383,*****
3100000US41620,41620,"Salt Lake City, UT Metro Area",1095693,2696
3100000US41660,41660,"San Angelo, TX Metro Area",107440,459
3100000US41700,41700,"San Antonio, TX Metro Area",1997969,5891
3100000US41740,41740,"San Diego-Carlsbad-San Marcos, CA Metro Area",2974859,*****
3100000US41780,41780,"Sandusky, OH Metro Area",77323,*****
3100000US41860,41860,"San Francisco-Oakland-Fremont, CA Metro Area",4203898,*****
3100000US41900,41900,"San Germán-Cabo Rojo, PR Metro Area",144535,3407
3100000US41940,41940,"San Jose-Sunnyvale-Santa Clara, CA Metro Area",1803549,2267
3100000US41980,41980,"San Juan-Caguas-Guaynabo, PR Metro Area",2600625,5744
3100000US42020,42020,"San Luis Obispo-Paso Robles, CA Metro Area",262436,*****
3100000US42060,42060,"Santa Barbara-Santa Maria-Goleta, CA Metro Area",404197,*****
3100000US42100,42100,"Santa Cruz-Watsonville, CA Metro Area",251747,*****
3100000US42140,42140,"Santa Fe, NM Metro Area",142955,*****
3100000US42220,42220,"Santa Rosa-Petaluma, CA Metro Area",464435,*****
3100000US42260,42260,"Sarasota-Bradenton-Venice, FL Metro Area",687181,*****
3100000US42340,42340,"Savannah, GA Metro Area",329329,*****
3100000US42540,42540,"Scranton--Wilkes-Barre, PA Metro Area",550898,776
3100000US42580,42580,"Seaford, DE Micro Area",184291,*****
3100000US42620,42620,"Searcy, AR Micro Area",73441,*****
3100000US42660,42660,"Seattle-Tacoma-Bellevue, WA Metro Area",3309347,*****
3100000US42680,42680,"Sebastian-Vero Beach, FL Metro Area",131837,*****
3100000US42700,42700,"Sebring, FL Micro Area",99349,*****
3100000US42860,42860,"Seneca, SC Micro Area",70753,*****
3100000US42940,42940,"Sevierville, TN Micro Area",83527,*****
3100000US43060,43060,"Shawnee, OK Micro Area",69038,*****
3100000US43100,43100,"Sheboygan, WI Metro Area",114504,*****
3100000US43140,43140,"Shelby, NC Micro Area",98453,*****
3100000US43300,43300,"Sherman-Denison, TX Metro Area",118675,*****
3100000US43340,43340,"Shreveport-Bossier City, LA Metro Area",387182,2410
3100000US43420,43420,"Sierra Vista-Douglas, AZ Micro Area",127866,*****
3100000US43580,43580,"Sioux City, IA-NE-SD Metro Area",141742,1487
3100000US43620,43620,"Sioux Falls, SD Metro Area",227344,1138
3100000US43740,43740,"Somerset, PA Micro Area",77861,*****
3100000US43780,43780,"South Bend-Mishawaka, IN-MI Metro Area",316639,*****
3100000US43860,43860,"Southern Pines-Pinehurst, NC Micro Area",84435,*****
3100000US43900,43900,"Spartanburg, SC Metro Area",275534,*****
3100000US44060,44060,"Spokane, WA Metro Area",456175,*****
3100000US44100,44100,"Springfield, IL Metro Area",208413,1645
3100000US44140,44140,"Springfield, MA Metro Area",682657,*****
3100000US44180,44180,"Springfield, MO Metro Area",419712,2297
3100000US44220,44220,"Springfield, OH Metro Area",140477,*****
3100000US44300,44300,"State College, PA Metro Area",144658,*****
3100000US44340,44340,"Statesboro, GA Micro Area",66176,*****
3100000US44380,44380,"Statesville-Mooresville, NC Micro Area",151445,*****
3100000US44420,44420,"Staunton-Waynesboro, VA Micro Area",115736,4070
3100000US44620,44620,"Stevens Point, WI Micro Area",68272,*****
3100000US44660,44660,"Stillwater, OK Micro Area",79931,*****
3100000US44700,44700,"Stockton, CA Metro Area",670990,*****
3100000US44940,44940,"Sumter, SC Metro Area",103943,*****
3100000US44980,44980,"Sunbury, PA Micro Area",91003,*****
3100000US45060,45060,"Syracuse, NY Metro Area",645293,*****
3100000US45180,45180,"Talladega-Sylacauga, AL Micro Area",80255,*****
3100000US45220,45220,"Tallahassee, FL Metro Area",353748,2087
3100000US45300,45300,"Tampa-St. Petersburg-Clearwater, FL Metro Area",2723949,*****
3100000US45460,45460,"Terre Haute, IN Metro Area",168719,2453
3100000US45500,45500,"Texarkana, TX-Texarkana, AR Metro Area",134215,*****
3100000US45540,45540,"The Villages, FL Micro Area",72246,*****
3100000US45640,45640,"Thomasville-Lexington, NC Micro Area",156530,*****
3100000US45780,45780,"Toledo, OH Metro Area",650955,*****
3100000US45820,45820,"Topeka, KS Metro Area",230894,2101
3100000US45860,45860,"Torrington, CT Micro Area",188273,*****
3100000US45900,45900,"Traverse City, MI Micro Area",141060,1606
3100000US45940,45940,"Trenton-Ewing, NJ Metro Area",365449,*****
3100000US46020,46020,"Truckee-Grass Valley, CA Micro Area",97027,*****
3100000US46060,46060,"Tucson, AZ Metro Area",967089,*****
3100000US46100,46100,"Tullahoma, TN Micro Area",98720,1516
3100000US46140,46140,"Tulsa, OK Metro Area",904966,2860
3100000US46180,46180,"Tupelo, MS Micro Area",130597,4634
3100000US46220,46220,"Tuscaloosa, AL Metro Area",203865,3160
3100000US46300,46300,"Twin Falls, ID Micro Area",93031,3514
3100000US46340,46340,"Tyler, TX Metro Area",198705,*****
3100000US46380,46380,"Ukiah, CA Micro Area",86273,*****
3100000US46540,46540,"Utica-Rome, NY Metro Area",294862,*****
3100000US46660,46660,"Valdosta, GA Metro Area",131114,2129
3100000US46700,46700,"Vallejo-Fairfield, CA Metro Area",408599,*****
3100000US47020,47020,"Victoria, TX Metro Area",115885,3688
3100000US47220,47220,"Vineland-Millville-Bridgeton, NJ Metro Area",155544,*****
3100000US47260,47260,"Virginia Beach-Norfolk-Newport News, VA-NC Metro Area",1658215,4695
3100000US47300,47300,"Visalia-Porterville, CA Metro Area",421553,*****
3100000US47380,47380,"Waco, TX Metro Area",228123,*****
3100000US47580,47580,"Warner Robins, GA Metro Area",131016,*****
3100000US47700,47700,"Warsaw, IN Micro Area",76115,*****
3100000US47900,47900,"Washington-Arlington-Alexandria, DC-VA-MD-WV Metro Area",5306125,2721
3100000US47940,47940,"Waterloo-Cedar Falls, IA Metro Area",162756,1739
3100000US48020,48020,"Watertown-Fort Atkinson, WI Micro Area",80213,*****
3100000US48060,48060,"Watertown-Fort Drum, NY Micro Area",117201,*****
3100000US48140,48140,"Wausau, WI Metro Area",129958,*****
3100000US48260,48260,"Weirton-Steubenville, WV-OH Metro Area",122580,*****
3100000US48300,48300,"Wenatchee, WA Metro Area",107170,*****
3100000US48540,48540,"Wheeling, WV-OH Metro Area",145454,*****
3100000US48580,48580,"Whitewater, WI Micro Area",100800,*****
3100000US48620,48620,"Wichita, KS Metro Area",595725,1435
3100000US48660,48660,"Wichita Falls, TX Metro Area",151285,2931
3100000US48700,48700,"Williamsport, PA Metro Area",116811,*****
3100000US48740,48740,"Willimantic, CT Micro Area",117038,*****
3100000US48900,48900,"Wilmington, NC Metro Area",339511,*****
3100000US48980,48980,"Wilson, NC Micro Area",76754,*****
3100000US49020,49020,"Winchester, VA-WV Metro Area",120302,3497
3100000US49180,49180,"Winston-Salem, NC Metro Area",463159,*****
3100000US49300,49300,"Wooster, OH Micro Area",113554,*****
3100000US49340,49340,"Worcester, MA Metro Area",781352,*****
3100000US49420,49420,"Yakima, WA Metro Area",233062,*****
3100000US49500,49500,"Yauco, PR Metro Area",126989,2687
3100000US49620,49620,"York-Hanover, PA Metro Area",421049,*****
3100000US49660,49660,"Youngstown-Warren-Boardman, OH-PA Metro Area",570704,*****
3100000US49700,49700,"Yuba City, CA Metro Area",164138,*****
3100000US49740,49740,"Yuma, AZ Metro Area",190557,*****
3100000US49780,49780,"Zanesville, OH Micro Area",85333,*****
