3100000US10140,10140,"Aberdeen, WA Micro Area",71587,*****
3100000US10180,10180,"Abilene, TX Metro Area",158548,919
3100000US10300,10300,"Adrian, MI Micro Area",102191,*****
3100000US10380,10380,"Aguadilla-Isabela-San Sebastián, PR Metro Area",336502,3497
3100000US10420,10420,"Akron, OH Metro Area",700943,*****
3100000US10500,10500,"Albany, GA Metro Area",165062,4713
3100000US10540,10540,"Albany-Lebanon, OR Micro Area",111489,*****
3100000US10580,10580,"Albany-Schenectady-Troy, NY Metro Area",850957,*****
3100000US10700,10700,"Albertville, AL Micro Area",87185,*****
3100000US10740,10740,"Albuquerque, NM Metro Area",815430,2983
3100000US10780,10780,"Alexandria, LA Metro Area",150827,2016
3100000US10880,10880,"Allegan, MI Micro Area",113501,*****
3100000US10900,10900,"Allentown-Bethlehem-Easton, PA-NJ Metro Area",800336,*****
3100000US11020,11020,"Altoona, PA Metro Area",126494,*****
3100000US11100,11100,"Amarillo, TX Metro Area",240981,1144
3100000US11180,11180,"Ames, IA Metro Area",80145,*****
3100000US11260,11260,"Anchorage, AK Metro Area",359180,*****
3100000US11300,11300,"Anderson, IN Metro Area",130575,*****
3100000US11340,11340,"Anderson, SC Metro Area",177963,*****
3100000US11460,11460,"Ann Arbor, MI Metro Area",344047,*****
3100000US11500,11500,"Anniston-Oxford, AL Metro Area",112903,*****
3100000US11540,11540,"Appleton, WI Metro Area",217313,*****
3100000US11700,11700,"Asheville, NC Metro Area",396192,2507
3100000US11780,11780,"Ashtabula, OH Micro Area",102703,*****
3100000US11980,11980,"Athens, TX Micro Area",80222,*****
3100000US12020,12020,"Athens-Clarke County, GA Metro Area",190851,4508
3100000US12060,12060,"Atlanta-Sandy Springs-Marietta, GA Metro Area",5134871,8074
3100000US12100,12100,"Atlantic City, NJ Metro Area",271620,*****
3100000US12180,12180,"Auburn, NY Micro Area",81243,*****
3100000US12220,12220,"Auburn-Opelika, AL Metro Area",125781,*****
3100000US12260,12260,"Augusta-Richmond County, GA-SC Metro Area",523031,4466
3100000US12300,12300,"Augusta-Waterville, ME Micro Area",121068,*****
3100000US12420,12420,"Austin-Round Rock, TX Metro Area",1506425,4307
3100000US12540,12540,"Bakersfield, CA Metro Area",780117,*****
3100000US12580,12580,"Baltimore-Towson, MD Metro Area",2658405,*****
3100000US12620,12620,"Bangor, ME Metro Area",147180,*****
3100000US12700,12700,"Barnstable Town, MA Metro Area",224816,*****
3100000US12940,12940,"Baton Rouge, LA Metro Area",764824,2714
3100000US12980,12980,"Battle Creek, MI Metro Area",137991,*****
3100000US13020,13020,"Bay City, MI Metro Area",108390,*****
3100000US13140,13140,"Beaumont-Port Arthur, TX Metro Area",378793,2878
3100000US13180,13180,"Beaver Dam, WI Micro Area",88983,*****
3100000US13220,13220,"Beckley, WV Micro Area",79302,*****
3100000US13380,13380,"Bellingham, WA Metro Area",185953,*****
3100000US13460,13460,"Bend, OR Metro Area",149140,*****
3100000US13740,13740,"Billings, MT Metro Area",148259,1603
3100000US13780,13780,"Binghamton, NY Metro Area",247554,*****
3100000US13820,13820,"Birmingham-Hoover, AL Metro Area",1089883,4699
3100000US13900,13900,"Bismarck, ND Metro Area",101138,*****
3100000US13980,13980,"Blacksburg-Christiansburg-Radford, VA Metro Area",149314,2758
3100000US14020,14020,"Bloomington, IN Metro Area",176793,2284
3100000US14060,14060,"Bloomington-Normal, IL Metro Area",161202,*****
3100000US14100,14100,"Bloomsburg-Berwick, PA Micro Area",84733,1801
3100000US14140,14140,"Bluefield, WV-VA Micro Area",105886,*****
3100000US14260,14260,"Boise City-Nampa, ID Metro Area",568086,3669
3100000US14460,14460,"Boston-Cambridge-Quincy, MA-NH Metro Area",4455217,*****
3100000US14500,14500,"Boulder, CO Metro Area",282304,*****
3100000US14540,14540,"Bowling Green, KY Metro Area",113362,2132
3100000US14580,14580,"Bozeman, MT Micro Area",81763,2004
3100000US14660,14660,"Brainerd, MN Micro Area",90045,*****
3100000US14700,14700,"Branson, MO Micro Area",77614,3236
3100000US14740,14740,"Bremerton-Silverdale, WA Metro Area",240604,*****
3100000US14860,14860,"Bridgeport-Stamford-Norwalk, CT Metro Area",900440,*****
3100000US15180,15180,"Brownsville-Harlingen, TX Metro Area",387717,*****
3100000US15260,15260,"Brunswick, GA Metro Area",100238,3135
3100000US15380,15380,"Buffalo-Niagara Falls, NY Metro Area",1137520,*****
3100000US15500,15500,"Burlington, NC Metro Area",142661,*****
3100000US15540,15540,"Burlington-South Burlington, VT Metro Area",205836,1090
3100000US15940,15940,"Canton-Massillon, OH Metro Area",410153,1680
3100000US15980,15980,"Cape Coral-Fort Myers, FL Metro Area",571344,*****
3100000US16020,16020,"Cape Girardeau-Jackson, MO-IL Micro Area",94345,2090
3100000US16220,16220,"Casper, WY Metro Area",70401,*****
3100000US16300,16300,"Cedar Rapids, IA Metro Area",249320,*****
3100000US16500,16500,"Centralia, WA Micro Area",73585,*****
3100000US16540,16540,"Chambersburg, PA Micro Area",139991,*****
3100000US16580,16580,"Champaign-Urbana, IL Metro Area",215695,2406
3100000US16620,16620,"Charleston, WV Metro Area",304487,1875
3100000US16700,16700,"Charleston-North Charleston, SC Metro Area",603178,*****
3100000US16740,16740,"Charlotte-Gastonia-Concord, NC-SC Metro Area",1582627,2983
3100000US16820,16820,"Charlottesville, VA Metro Area",189123,4577
3100000US16860,16860,"Chattanooga, TN-GA Metro Area",498764,5444
3100000US16940,16940,"Cheyenne, WY Metro Area",85384,*****
3100000US16980,16980,"Chicago-Naperville-Joliet, IL-IN-WI Metro Area",9506859,1341
3100000US17020,17020,"Chico, CA Metro Area",215881,*****
3100000US17060,17060,"Chillicothe, OH Micro Area",75556,*****
3100000US17140,17140,"Cincinnati-Middletown, OH-KY-IN Metro Area",2105010,2629
3100000US17220,17220,"Clarksburg, WV Micro Area",91913,3024
3100000US17300,17300,"Clarksville, TN-KY Metro Area",238760,2725
3100000US17340,17340,"Clearlake, CA Micro Area",65933,*****
3100000US17420,17420,"Cleveland, TN Metro Area",108549,2755
3100000US17460,17460,"Cleveland-Elyria-Mentor, OH Metro Area",2114155,*****
3100000US17660,17660,"Coeur d'Alene, ID Metro Area",131507,*****
3100000US17780,17780,"College Station-Bryan, TX Metro Area",196734,3516
3100000US17820,17820,"Colorado Springs, CO Metro Area",600444,2264
3100000US17860,17860,"Columbia, MO Metro Area",157193,1375
3100000US17900,17900,"Columbia, SC Metro Area",701464,4795
3100000US17940,17940,"Columbia, TN Micro Area",78309,*****
3100000US17980,17980,"Columbus, GA-AL Metro Area",290319,4350
3100000US18020,18020,"Columbus, IN Metro Area",74444,*****
3100000US18140,18140,"Columbus, OH Metro Area",1725570,*****
3100000US18180,18180,"Concord, NH Micro Area",148085,*****
3100000US18260,18260,"Cookeville, TN Micro Area",102788,3050
3100000US18300,18300,"Coos Bay, OR Micro Area",66620,2429
3100000US18500,18500,"Corning, NY Micro Area",98236,*****
3100000US18580,18580,"Corpus Christi, TX Metro Area",414379,2905
3100000US18700,18700,"Corvallis, OR Metro Area",79061,*****
3100000US18980,18980,"Cullman, AL Micro Area",80187,*****
3100000US19060,19060,"Cumberland, MD-WV Metro Area",99759,*****
3100000US19100,19100,"Dallas-Fort Worth-Arlington, TX Metro Area",6006094,3473
3100000US19140,19140,"Dalton, GA Metro Area",134397,*****
3100000US19180,19180,"Danville, IL Metro Area",81941,*****
3100000US19260,19260,"Danville, VA Metro Area",108685,3100
3100000US19300,19300,"Daphne-Fairhope, AL Micro Area",169162,*****
3100000US19340,19340,"Davenport-Moline-Rock Island, IA-IL Metro Area",379853,2771
3100000US19380,19380,"Dayton, OH Metro Area",838940,*****
3100000US19460,19460,"Decatur, AL Metro Area",149549,*****
3100000US19500,19500,"Decatur, IL Metro Area",109309,*****
3100000US19660,19660,"Deltona-Daytona Beach-Ormond Beach, FL Metro Area",496575,*****
3100000US19740,19740,"Denver-Aurora, CO Metro Area",2408622,3126
3100000US19780,19780,"Des Moines-West Des Moines, IA Metro Area",532425,1890
3100000US19820,19820,"Detroit-Warren-Livonia, MI Metro Area",4468966,*****
3100000US20020,20020,"Dothan, AL Metro Area",138234,*****
3100000US20100,20100,"Dover, DE Metro Area",147601,*****
3100000US20180,20180,"DuBois, PA Micro Area",82442,*****
3100000US20220,20220,"Dubuque, IA Metro Area",92384,*****
3100000US20260,20260,"Duluth, MN-WI Metro Area",275559,1521
3100000US20380,20380,"Dunn, NC Micro Area",106283,*****
3100000US20500,20500,"Durham, NC Metro Area",464389,*****
3100000US20620,20620,"East Liverpool-Salem, OH Micro Area",110542,*****
3100000US20700,20700,"East Stroudsburg, PA Micro Area",165685,*****
3100000US20740,20740,"Eau Claire, WI Metro Area",155041,*****
3100000US20940,20940,"El Centro, CA Metro Area",160301,*****
3100000US21060,21060,"Elizabethtown, KY Metro Area",109602,2072
3100000US21140,21140,"Elkhart-Goshen, IN Metro Area",198105,*****
3100000US21300,21300,"Elmira, NY Metro Area",88641,*****
3100000US21340,21340,"El Paso, TX Metro Area",736310,*****
3100000US21460,21460,"Enterprise-Ozark, AL Micro Area",94419,*****
3100000US21500,21500,"Erie, PA Metro Area",279811,*****
3100000US21660,21660,"Eugene-Springfield, OR Metro Area",337870,*****
3100000US21700,21700,"Eureka-Arcata-Fortuna, CA Micro Area",128330,*****
3100000US21780,21780,"Evansville, IN-KY Metro Area",350172,2097
3100000US21820,21820,"Fairbanks, AK Metro Area",86754,*****
3100000US21940,21940,"Fajardo, PR Metro Area",82677,2793
3100000US22020,22020,"Fargo, ND-MN Metro Area",186561,1601
3100000US22140,22140,"Farmington, NM Metro Area",126473,*****
3100000US22180,22180,"Fayetteville, NC Metro Area",341363,*****
3100000US22220,22220,"Fayetteville-Springdale-Rogers, AR-MO Metro Area",419455,3535
3100000US22300,22300,"Findlay, OH Micro Area",73824,*****
3100000US22380,22380,"Flagstaff, AZ Metro Area",124953,*****
3100000US22420,22420,"Flint, MI Metro Area",441966,*****
3100000US22500,22500,"Florence, SC Metro Area",198848,*****
3100000US22520,22520,"Florence-Muscle Shoals, AL Metro Area",142657,*****
3100000US22540,22540,"Fond du Lac, WI Metro Area",99243,*****
3100000US22660,22660,"Fort Collins-Loveland, CO Metro Area",276253,*****
3100000US22840,22840,"Fort Payne, AL Micro Area",68014,*****
3100000US22900,22900,"Fort Smith, AR-OK Metro Area",286549,3085
3100000US23020,23020,"Fort Walton Beach-Crestview-Destin, FL Metro Area",180291,*****
3100000US23060,23060,"Fort Wayne, IN Metro Area",408727,1724
3100000US23180,23180,"Frankfort, KY Micro Area",68388,1958
3100000US23420,23420,"Fresno, CA Metro Area",891756,*****
3100000US23460,23460,"Gadsden, AL Metro Area",103362,*****
3100000US23540,23540,"Gainesville, FL Metro Area",244754,2604
3100000US23580,23580,"Gainesville, GA Metro Area",173256,*****
3100000US23660,23660,"Galesburg, IL Micro Area",70277,1944
3100000US23700,23700,"Gallup, NM Micro Area",71875,*****
3100000US23900,23900,"Gettysburg, PA Micro Area",101105,*****
3100000US24020,24020,"Glens Falls, NY Metro Area",129455,*****
3100000US24140,24140,"Goldsboro, NC Metro Area",113847,*****
3100000US24220,24220,"Grand Forks, ND-MN Metro Area",95845,892
3100000US24260,24260,"Grand Island, NE Micro Area",68009,1351
3100000US24300,24300,"Grand Junction, CO Metro Area",134189,*****
3100000US24340,24340,"Grand Rapids-Wyoming, MI Metro Area",774084,*****
3100000US24420,24420,"Grants Pass, OR Micro Area",81688,*****
3100000US24500,24500,"Great Falls, MT Metro Area",79385,*****
3100000US24540,24540,"Greeley, CO Metro Area",236857,*****
3100000US24580,24580,"Green Bay, WI Metro Area",299003,*****
3100000US24620,24620,"Greeneville, TN Micro Area",68109,2146
3100000US24660,24660,"Greensboro-High Point, NC Metro Area",685378,*****
3100000US24780,24780,"Greenville, NC Metro Area",163880,1962
3100000US24860,24860,"Greenville, SC Metro Area",601986,*****
3100000US24940,24940,"Greenwood, SC Micro Area",68213,*****
3100000US25020,25020,"Guayama, PR Metro Area",82416,3231
3100000US25060,25060,"Gulfport-Biloxi, MS Metro Area",228722,2835
3100000US25180,25180,"Hagerstown-Martinsburg, MD-WV Metro Area",257410,2014
3100000US25220,25220,"Hammond, LA Micro Area",113137,*****
3100000US25260,25260,"Hanford-Corcoran, CA Metro Area",146153,*****
3100000US25420,25420,"Harrisburg-Carlisle, PA Metro Area",525380,*****
3100000US25500,25500,"Harrisonburg, VA Metro Area",113449,*****
3100000US25540,25540,"Hartford-West Hartford-East Hartford, CT Metro Area",1188841,*****
3100000US25620,25620,"Hattiesburg, MS Metro Area",135813,2333
3100000US25740,25740,"Helena, MT Micro Area",69212,2476
3100000US25860,25860,"Hickory-Lenoir-Morganton, NC Metro Area",359856,*****
3100000US25900,25900,"Hilo, HI Micro Area",171191,*****
3100000US25940,25940,"Hilton Head Island-Beaufort, SC Micro Area",162781,2716
3100000US25980,25980,"Hinesville-Fort Stewart, GA Metro Area",73866,2126
3100000US26100,26100,"Holland-Grand Haven, MI Metro Area",257671,*****
3100000US26140,26140,"Homosassa Springs, FL Micro Area",138143,*****
3100000US26180,26180,"Honolulu, HI Metro Area",909863,*****
3100000US26300,26300,"Hot Springs, AR Metro Area",95164,*****
3100000US26380,26380,"Houma-Bayou Cane-Thibodaux, LA Metro Area",202902,*****
3100000US26420,26420,"Houston-Sugar Land-Baytown, TX Metro Area",5542048,5720
3100000US26580,26580,"Huntington-Ashland, WV-KY-OH Metro Area",285475,*****
3100000US26620,26620,"Huntsville, AL Metro Area",376753,*****
3100000US26820,26820,"Idaho Falls, ID Metro Area",117410,1624
3100000US26860,26860,"Indiana, PA Micro Area",88234,*****
3100000US26900,26900,"Indianapolis-Carmel, IN Metro Area",1669370,2653
3100000US26980,26980,"Iowa City, IA Metro Area",139567,*****
3100000US27060,27060,"Ithaca, NY Metro Area",100407,*****
3100000US27100,27100,"Jackson, MI Metro Area",163851,*****
3100000US27140,27140,"Jackson, MS Metro Area",530031,4209
3100000US27180,27180,"Jackson, TN Metro Area",112048,1698
3100000US27260,27260,"Jacksonville, FL Metro Area",1276856,3760
3100000US27340,27340,"Jacksonville, NC Metro Area",150673,*****
3100000US27460,27460,"Jamestown-Dunkirk-Fredonia, NY Micro Area",135357,*****
3100000US27500,27500,"Janesville, WI Metro Area",159153,*****
3100000US27620,27620,"Jefferson City, MO Metro Area",144027,1764
3100000US27740,27740,"Johnson City, TN Metro Area",191136,*****
3100000US27780,27780,"Johnstown, PA Metro Area",146967,*****
3100000US27860,27860,"Jonesboro, AR Metro Area",113547,2386
3100000US27900,27900,"Joplin, MO Metro Area",168552,*****
3100000US27980,27980,"Kahului-Wailuku, HI Micro Area",141300,132
3100000US28020,28020,"Kalamazoo-Portage, MI Metro Area",319738,*****
3100000US28060,28060,"Kalispell, MT Micro Area",85314,*****
3100000US28100,28100,"Kankakee-Bradley, IL Metro Area",109090,*****
3100000US28140,28140,"Kansas City, MO-KS Metro Area",1966790,3924
3100000US28300,28300,"Keene, NH Micro Area",77393,*****
3100000US28420,28420,"Kennewick-Richland-Pasco, WA Metro Area",226033,*****
3100000US28580,28580,"Key West-Marathon, FL Micro Area",74737,*****
3100000US28660,28660,"Killeen-Temple-Fort Hood, TX Metro Area",355958,3471
3100000US28700,28700,"Kingsport-Bristol-Bristol, TN-VA Metro Area",302660,3362
3100000US28740,28740,"Kingston, NY Metro Area",182742,*****
3100000US28900,28900,"Klamath Falls, OR Micro Area",67673,1182
3100000US28940,28940,"Knoxville, TN Metro Area",667836,2667
3100000US29020,29020,"Kokomo, IN Metro Area",100221,1724
3100000US29100,29100,"La Crosse, WI-MN Metro Area",129236,*****
3100000US29140,29140,"Lafayette, IN Metro Area",183704,2192
3100000US29180,29180,"Lafayette, LA Metro Area",254432,*****
3100000US29340,29340,"Lake Charles, LA Metro Area",189944,1707
3100000US29380,29380,"Lake City, FL Micro Area",76170,4959
3100000US29420,29420,"Lake Havasu City-Kingman, AZ Micro Area",193035,*****
3100000US29460,29460,"Lakeland, FL Metro Area",561606,*****
3100000US29540,29540,"Lancaster, PA Metro Area",494486,*****
3100000US29620,29620,"Lansing-East Lansing, MI Metro Area",454044,*****
3100000US29700,29700,"Laredo, TX Metro Area",231470,*****
3100000US29740,29740,"Las Cruces, NM Metro Area",193888,*****
3100000US29820,29820,"Las Vegas-Paradise, NV Metro Area",1777539,*****
3100000US29860,29860,"Laurel, MS Micro Area",85658,3506
3100000US29940,29940,"Lawrence, KS Metro Area",112123,*****
3100000US30020,30020,"Lawton, OK Metro Area",109181,*****
3100000US30100,30100,"Lebanon, NH-VT Micro Area",172429,*****
3100000US30140,30140,"Lebanon, PA Metro Area",126883,*****
3100000US30340,30340,"Lewiston-Auburn, ME Metro Area",107552,*****
3100000US30460,30460,"Lexington-Fayette, KY Metro Area",437545,3460
3100000US30500,30500,"Lexington Park, MD Micro Area",98854,*****
3100000US30620,30620,"Lima, OH Metro Area",105788,*****
3100000US30700,30700,"Lincoln, NE Metro Area",285569,1771
3100000US30740,30740,"Lincolnton, NC Micro Area",71894,*****
3100000US30780,30780,"Little Rock-North Little Rock, AR Metro Area",654583,2651
3100000US30860,30860,"Logan, UT-ID Metro Area",111813,1626
3100000US30980,30980,"Longview, TX Metro Area",207652,3317
3100000US31020,31020,"Longview, WA Metro Area",99905,*****
3100000US31100,31100,"Los Angeles-Long Beach-Santa Ana, CA Metro Area",12950129,*****
3100000US31140,31140,"Louisville-Jefferson County, KY-IN Metro Area",1220636,4634
3100000US31180,31180,"Lubbock, TX Metro Area",260548,1043
3100000US31260,31260,"Lufkin, TX Micro Area",82524,*****
3100000US31300,31300,"Lumberton, NC Micro Area",129021,*****
3100000US31340,31340,"Lynchburg, VA Metro Area",243630,4257
3100000US31420,31420,"Macon, GA Metro Area",221212,5000
3100000US31460,31460,"Madera, CA Metro Area",146345,*****
3100000US31540,31540,"Madison, WI Metro Area",543022,*****
3100000US31700,31700,"Manchester-Nashua, NH Metro Area",402789,*****
3100000US31740,31740,"Manhattan, KS Micro Area",106627,1842
3100000US31820,31820,"Manitowoc, WI Micro Area",81911,*****
3100000US31860,31860,"Mankato-North Mankato, MN Micro Area",89567,*****
3100000US31900,31900,"Mansfield, OH Metro Area",127010,*****
3100000US31940,31940,"Marinette, WI-MI Micro Area",68489,1017
3100000US31980,31980,"Marion, IN Micro Area",69825,*****
3100000US32020,32020,"Marion, OH Micro Area",65583,*****
3100000US32270,32270,"Marshfield-Wisconsin Rapids, WI Micro Area",74774,*****
3100000US32300,32300,"Martinsville, VA Micro Area",70499,2188
3100000US32420,32420,"Mayagüez, PR Metro Area",110681,2054
3100000US32580,32580,"McAllen-Edinburg-Mission, TX Metro Area",700634,*****
3100000US32740,32740,"Meadville, PA Micro Area",89389,*****
3100000US32780,32780,"Medford, OR Metro Area",197071,*****
3100000US32820,32820,"Memphis, TN-MS-AR Metro Area",1268328,4162
3100000US32900,32900,"Merced, CA Metro Area",245658,*****
3100000US32940,32940,"Meridian, MS Micro Area",103536,3041
3100000US33100,33100,"Miami-Fort Lauderdale-Miami Beach, FL Metro Area",5463857,*****
3100000US33140,33140,"Michigan City-La Porte, IN Metro Area",110479,*****
3100000US33220,33220,"Midland, MI Micro Area",83792,*****
3100000US33260,33260,"Midland, TX Metro Area",124380,*****
3100000US33340,33340,"Milwaukee-Waukesha-West Allis, WI Metro Area",1509981,*****
3100000US33460,33460,"Minneapolis-St. Paul-Bloomington, MN-WI Metro Area",3175041,*****
3100000US33540,33540,"Missoula, MT Metro Area",101417,*****
3100000US33660,33660,"Mobile, AL Metro Area",404157,*****
3100000US33700,33700,"Modesto, CA Metro Area",512138,*****
3100000US33740,33740,"Monroe, LA Metro Area",168991,2559
3100000US33780,33780,"Monroe, MI Metro Area",155035,*****
3100000US33860,33860,"Montgomery, AL Metro Area",362319,1817
3100000US34060,34060,"Morgantown, WV Metro Area",115665,1804
3100000US34100,34100,"Morristown, TN Metro Area",132399,2667
3100000US34180,34180,"Moses Lake, WA Micro Area",82612,*****
3100000US34340,34340,"Mount Airy, NC Micro Area",72687,*****
3100000US34380,34380,"Mount Pleasant, MI Micro Area",65818,*****
3100000US34580,34580,"Mount Vernon-Anacortes, WA Metro Area",115700,*****
3100000US34620,34620,"Muncie, IN Metro Area",114879,*****
3100000US34740,34740,"Muskegon-Norton Shores, MI Metro Area",175231,*****
3100000US34780,34780,"Muskogee, OK Micro Area",71018,*****
3100000US34820,34820,"Myrtle Beach-Conway-North Myrtle Beach, SC Metro Area",238493,*****
3100000US34900,34900,"Napa, CA Metro Area",133522,*****
3100000US34940,34940,"Naples-Marco Island, FL Metro Area",314649,*****
3100000US34980,34980,"Nashville-Davidson--Murfreesboro, TN Metro Area",1455296,4250
3100000US35100,35100,"New Bern, NC Micro Area",118334,2165
3100000US35260,35260,"New Castle, PA Micro Area",91795,*****
3100000US35300,35300,"New Haven-Milford, CT Metro Area",845244,*****
3100000US35340,35340,"New Iberia, LA Micro Area",75509,*****
3100000US35380,35380,"New Orleans-Metairie-Kenner, LA Metro Area",1024678,*****
3100000US35420,35420,"New Philadelphia-Dover, OH Micro Area",91766,*****
3100000US35620,35620,"New York-Northern New Jersey-Long Island, NY-NJ-PA Metro Area",18818536,*****
3100000US35660,35660,"Niles-Benton Harbor, MI Metro Area",161705,*****
3100000US35900,35900,"North Wilkesboro, NC Micro Area",67310,*****
3100000US35980,35980,"Norwich-New London, CT Metro Area",263293,*****
3100000US36020,36020,"Oak Harbor, WA Micro Area",81489,*****
3100000US36100,36100,"Ocala, FL Metro Area",316183,*****
3100000US36140,36140,"Ocean City, NJ Metro Area",97724,*****
3100000US36220,36220,"Odessa, TX Metro Area",127462,*****
3100000US36260,36260,"Ogden-Clearfield, UT Metro Area",495815,1108
3100000US36300,36300,"Ogdensburg-Massena, NY Micro Area",111284,*****
3100000US36420,36420,"Oklahoma City, OK Metro Area",1173632,2417
3100000US36460,36460,"Olean, NY Micro Area",81534,*****
3100000US36500,36500,"Olympia, WA Metro Area",234670,*****
3100000US36540,36540,"Omaha-Council Bluffs, NE-IA Metro Area",821356,2026
3100000US36660,36660,"Opelousas-Eunice, LA Micro Area",91528,*****
3100000US36700,36700,"Orangeburg, SC Micro Area",90845,*****
3100000US36740,36740,"Orlando-Kissimmee, FL Metro Area",1984855,*****
3100000US36780,36780,"Oshkosh-Neenah, WI Metro Area",160593,*****
3100000US36860,36860,"Ottawa-Streator, IL Micro Area",155052,1321
3100000US36980,36980,"Owensboro, KY Metro Area",111660,2461
3100000US37020,37020,"Owosso, MI Micro Area",72912,*****
3100000US37100,37100,"Oxnard-Thousand Oaks-Ventura, CA Metro Area",799720,*****
3100000US37140,37140,"Paducah, KY-IL Micro Area",96971,2735
3100000US37260,37260,"Palatka, FL Micro Area",74083,*****
3100000US37340,37340,"Palm Bay-Melbourne-Titusville, FL Metro Area",534359,*****
3100000US37380,37380,"Palm Coast, FL Micro Area",83084,*****
3100000US37460,37460,"Panama City-Lynn Haven, FL Metro Area",163505,*****
3100000US37620,37620,"Parkersburg-Marietta-Vienna, WV-OH Metro Area",159741,1934
3100000US37700,37700,"Pascagoula, MS Metro Area",154099,2703
3100000US37820,37820,"Pendleton-Hermiston, OR Micro Area",87259,2324
3100000US37860,37860,"Pensacola-Ferry Pass-Brent, FL Metro Area",439987,*****
3100000US37900,37900,"Peoria, IL Metro Area",370336,1524
3100000US37980,37980,"Philadelphia-Camden-Wilmington, PA-NJ-DE-MD Metro Area",5826742,*****
3100000US38060,38060,"Phoenix-Mesa-Scottsdale, AZ Metro Area",4039182,*****
3100000US38220,38220,"Pine Bluff, AR Metro Area",103199,1476
3100000US38300,38300,"Pittsburgh, PA Metro Area",2370776,*****
3100000US38340,38340,"Pittsfield, MA Metro Area",131117,*****
3100000US38460,38460,"Plattsburgh, NY Micro Area",82166,*****
3100000US38540,38540,"Pocatello, ID Metro Area",87254,1910
3100000US38660,38660,"Ponce, PR Metro Area",264432,3444
3100000US38820,38820,"Port Angeles, WA Micro Area",70400,*****
3100000US38860,38860,"Portland-South Portland-Biddeford, ME Metro Area",513667,*****
3100000US38900,38900,"Portland-Vancouver-Beaverton, OR-WA Metro Area",2137599,1559
3100000US38940,38940,"Port St. Lucie-Fort Pierce, FL Metro Area",392117,*****
3100000US39020,39020,"Portsmouth, OH Micro Area",76441,*****
3100000US39060,39060,"Pottsville, PA Micro Area",147405,*****
3100000US39100,39100,"Poughkeepsie-Newburgh-Middletown, NY Metro Area",671538,*****
3100000US39140,39140,"Prescott, AZ Metro Area",208014,*****
3100000US39300,39300,"Providence-New Bedford-Fall River, RI-MA Metro Area",1612989,*****
3100000US39340,39340,"Provo-Orem, UT Metro Area",474351,1099
3100000US39380,39380,"Pueblo, CO Metro Area",152912,*****
3100000US39460,39460,"Punta Gorda, FL Metro Area",154438,*****
3100000US39500,39500,"Quincy, IL-MO Micro Area",77260,1188
3100000US39540,39540,"Racine, WI Metro Area",196096,*****
3100000US39580,39580,"Raleigh-Cary, NC Metro Area",995662,2800
3100000US39660,39660,"Rapid City, SD Metro Area",118763,*****
3100000US39740,39740,"Reading, PA Metro Area",401149,*****
3100000US39820,39820,"Redding, CA Metro Area",179951,*****
3100000US39900,39900,"Reno-Sparks, NV Metro Area",399023,851
3100000US39980,39980,"Richmond, IN Micro Area",68846,*****
3100000US40060,40060,"Richmond, VA Metro Area",1196411,5651
3100000US40080,40080,"Richmond-Berea, KY Micro Area",95313,2247
3100000US40140,40140,"Riverside-San Bernardino-Ontario, CA Metro Area",4026135,*****
3100000US40220,40220,"Roanoke, VA Metro Area",295993,3061
3100000US40260,40260,"Roanoke Rapids, NC Micro Area",74353,3349
3100000US40340,40340,"Rochester, MN Metro Area",179573,*****
3100000US40380,40380,"Rochester, NY Metro Area",1035435,*****
3100000US40420,40420,"Rockford, IL Metro Area",348252,*****
3100000US40580,40580,"Rocky Mount, NC Metro Area",146276,*****
3100000US40660,40660,"Rome, GA Metro Area",95322,*****
3100000US40700,40700,"Roseburg, OR Micro Area",105117,*****
3100000US40780,40780,"Russellville, AR Micro Area",78986,2564
3100000US40900,40900,"Sacramento--Arden-Arcade--Roseville, CA Metro Area",2067117,*****
3100000US40980,40980,"Saginaw-Saginaw Township North, MI Metro Area",206300,*****
3100000US41060,41060,"St. Cloud, MN Metro Area",182784,*****
3100000US41100,41100,"St. George, UT Metro Area",126312,*****
3100000US41140,41140,"St. Joseph, MO-KS Metro Area",124554,3109
3100000US41180,41180,"St. Louis, MO-IL Metro Area",2793988,4557
3100000US41420,41420,"Salem, OR Metro Area",384600,*****
3100000US41500,41500,"Salinas, CA Metro Area",410206,*****
3100000US41540,41540,"Salisbury, MD Metro Area",117157,2260
3100000US41580,41580,"Salisbury, NC Micro Area",136254,*****
3100000US41620,41620,"Salt Lake City, UT Metro Area",1067190,2783
3100000US41660,41660,"San Angelo, TX Metro Area",105325,482
3100000US41700,41700,"San Antonio, TX Metro Area",1948437,6490
3100000US41740,41740,"San Diego-Carlsbad-San Marcos, CA Metro Area",2941454,*****
3100000US41780,41780,"Sandusky, OH Metro Area",78116,*****
3100000US41860,41860,"San Francisco-Oakland-Fremont, CA Metro Area",4180027,*****
3100000US41900,41900,"San Germán-Cabo Rojo, PR Metro Area",146753,3513
3100000US41940,41940,"San Jose-Sunnyvale-Santa Clara, CA Metro Area",1784826,2733
3100000US41980,41980,"San Juan-Caguas-Guaynabo, PR Metro Area",2587683,5261
3100000US42020,42020,"San Luis Obispo-Paso Robles, CA Metro Area",257005,*****
3100000US42060,42060,"Santa Barbara-Santa Maria, CA Metro Area",400335,*****
3100000US42100,42100,"Santa Cruz-Watsonville, CA Metro Area",249705,*****
3100000US42140,42140,"Santa Fe, NM Metro Area",142407,*****
3100000US42220,42220,"Santa Rosa-Petaluma, CA Metro Area",466891,*****
3100000US42260,42260,"Sarasota-Bradenton-Venice, FL Metro Area",682833,*****
3100000US42340,42340,"Savannah, GA Metro Area",320013,*****
3100000US42540,42540,"Scranton--Wilkes-Barre, PA Metro Area",550519,777
3100000US42580,42580,"Seaford, DE Micro Area",180288,*****
3100000US42620,42620,"Searcy, AR Micro Area",72560,*****
3100000US42660,42660,"Seattle-Tacoma-Bellevue, WA Metro Area",3263497,*****
3100000US42680,42680,"Sebastian-Vero Beach, FL Metro Area",130100,*****
3100000US42700,42700,"Sebring, FL Micro Area",97987,*****
3100000US42860,42860,"Seneca, SC Micro Area",70567,*****
3100000US42940,42940,"Sevierville, TN Micro Area",81382,*****
3100000US43060,43060,"Shawnee, OK Micro Area",68638,*****
3100000US43100,43100,"Sheboygan, WI Metro Area",114756,*****
3100000US43140,43140,"Shelby, NC Micro Area",98373,*****
3100000US43300,43300,"Sherman-Denison, TX Metro Area",118478,*****
3100000US43340,43340,"Shreveport-Bossier City, LA Metro Area",388296,2187
3100000US43420,43420,"Sierra Vista-Douglas, AZ Micro Area",127757,*****
3100000US43580,43580,"Sioux City, IA-NE-SD Metro Area",144654,1304
3100000US43620,43620,"Sioux Falls, SD Metro Area",211374,1108
3100000US43740,43740,"Somerset, PA Micro Area",78508,*****
3100000US43780,43780,"South Bend-Mishawaka, IN-MI Metro Area",318007,*****
3100000US43860,43860,"Southern Pines-Pinehurst, NC Micro Area",83162,*****
3100000US43900,43900,"Spartanburg, SC Metro Area",271087,*****
3100000US44060,44060,"Spokane, WA Metro Area",446706,*****
3100000US44100,44100,"Springfield, IL Metro Area",205245,1441
3100000US44140,44140,"Springfield, MA Metro Area",686174,*****
3100000US44180,44180,"Springfield, MO Metro Area",405305,2252
3100000US44220,44220,"Springfield, OH Metro Area",141872,*****
3100000US44300,44300,"State College, PA Metro Area",140953,*****
3100000US44380,44380,"Statesville-Mooresville, NC Micro Area",146206,*****
3100000US44420,44420,"Staunton-Waynesboro, VA Micro Area",116415,3595
3100000US44620,44620,"Stevens Point, WI Micro Area",67484,*****
3100000US44660,44660,"Stillwater, OK Micro Area",73818,*****
3100000US44700,44700,"Stockton, CA Metro Area",673170,*****
3100000US44940,44940,"Sumter, SC Metro Area",104430,*****
3100000US44980,44980,"Sunbury, PA Micro Area",91654,*****
3100000US45060,45060,"Syracuse, NY Metro Area",650051,*****
3100000US45180,45180,"Talladega-Sylacauga, AL Micro Area",80271,*****
3100000US45220,45220,"Tallahassee, FL Metro Area",337829,1668
3100000US45300,45300,"Tampa-St. Petersburg-Clearwater, FL Metro Area",2697731,*****
3100000US45460,45460,"Terre Haute, IN Metro Area",167676,2423
3100000US45500,45500,"Texarkana, TX-Texarkana, AR Metro Area",134510,*****
3100000US45540,45540,"The Villages, FL Micro Area",68769,*****
3100000US45640,45640,"Thomasville-Lexington, NC Micro Area",156236,*****
3100000US45780,45780,"Toledo, OH Metro Area",653695,*****
3100000US45820,45820,"Topeka, KS Metro Area",229103,2478
3100000US45860,45860,"Torrington, CT Micro Area",190119,*****
3100000US45900,45900,"Traverse City, MI Micro Area",141387,1758
3100000US45940,45940,"Trenton-Ewing, NJ Metro Area",367605,*****
3100000US46020,46020,"Truckee-Grass Valley, CA Micro Area",98764,*****
3100000US46060,46060,"Tucson, AZ Metro Area",946362,*****
3100000US46100,46100,"Tullahoma, TN Micro Area",97641,1168
3100000US46140,46140,"Tulsa, OK Metro Area",896974,2439
3100000US46180,46180,"Tupelo, MS Micro Area",134032,4596
3100000US46220,46220,"Tuscaloosa, AL Metro Area",198802,3242
3100000US46300,46300,"Twin Falls, ID Micro Area",95798,4006
3100000US46340,46340,"Tyler, TX Metro Area",194635,*****
3100000US46380,46380,"Ukiah, CA Micro Area",88109,*****
3100000US46540,46540,"Utica-Rome, NY Metro Area",297286,*****
3100000US46660,46660,"Valdosta, GA Metro Area",127338,1780
3100000US46700,46700,"Vallejo-Fairfield, CA Metro Area",411680,*****
3100000US47020,47020,"Victoria, TX Metro Area",112461,3823
3100000US47220,47220,"Vineland-Millville-Bridgeton, NJ Metro Area",154823,*****
3100000US47260,47260,"Virginia Beach-Norfolk-Newport News, VA-NC Metro Area",1647400,4145
3100000US47300,47300,"Visalia-Porterville, CA Metro Area",419909,*****
3100000US47380,47380,"Waco, TX Metro Area",226189,*****
3100000US47580,47580,"Warner Robins, GA Metro Area",127530,*****
3100000US47700,47700,"Warsaw, IN Micro Area",76541,*****
3100000US47900,47900,"Washington-Arlington-Alexandria, DC-VA-MD-WV Metro Area",5288670,2146
3100000US47940,47940,"Waterloo-Cedar Falls, IA Metro Area",162348,1717
3100000US48020,48020,"Watertown-Fort Atkinson, WI Micro Area",80025,*****
3100000US48060,48060,"Watertown-Fort Drum, NY Micro Area",114264,*****
3100000US48140,48140,"Wausau, WI Metro Area",130223,*****
3100000US48260,48260,"Weirton-Steubenville, WV-OH Metro Area",125168,*****
3100000US48300,48300,"Wenatchee, WA Metro Area",106806,*****
3100000US48540,48540,"Wheeling, WV-OH Metro Area",147329,*****
3100000US48580,48580,"Whitewater, WI Micro Area",101007,*****
3100000US48620,48620,"Wichita, KS Metro Area",591627,1413
3100000US48660,48660,"Wichita Falls, TX Metro Area",146497,2839
3100000US48700,48700,"Williamsport, PA Metro Area",117668,*****
3100000US48740,48740,"Willimantic, CT Micro Area",116872,*****
3100000US48900,48900,"Wilmington, NC Metro Area",326166,*****
3100000US48980,48980,"Wilson, NC Micro Area",76624,*****
3100000US49020,49020,"Winchester, VA-WV Metro Area",120441,3450
3100000US49180,49180,"Winston-Salem, NC Metro Area",456614,*****
3100000US49300,49300,"Wooster, OH Micro Area",113950,*****
3100000US49340,49340,"Worcester, MA Metro Area",784992,*****
3100000US49420,49420,"Yakima, WA Metro Area",233105,*****
3100000US49500,49500,"Yauco, PR Metro Area",122494,2738
3100000US49620,49620,"York-Hanover, PA Metro Area",416322,*****
3100000US49660,49660,"Youngstown-Warren-Boardman, OH-PA Metro Area",586939,*****
3100000US49700,49700,"Yuba City, CA Metro Area",161806,*****
3100000US49740,49740,"Yuma, AZ Metro Area",187555,*****
3100000US49780,49780,"Zanesville, OH Micro Area",86125,*****
